cluster_id,subject_fullname
0,Fen > Diş Hekimliği > Diş Hekimliği
1,Fen > Eczacılık > Farmakoloji ve Eczacılık
2,Fen > Eczacılık > Toksikoloji
3,"Fen > Mühendislik > Bilgisayar Bilimleri, Bilgi Sistemleri"
4,"Fen > Mühendislik > Bilgisayar Bilimleri, Donanım ve Mimari"
5,"Fen > Mühendislik > Bilgisayar Bilimleri, Sibernitik"
6,"Fen > Mühendislik > Bilgisayar Bilimleri, Teori ve Metotlar"
7,"Fen > Mühendislik > Bilgisayar Bilimleri, Yapay Zeka"
8,"Fen > Mühendislik > Bilgisayar Bilimleri, Yazılım Mühendisliği"
9,Fen > Mühendislik > Denizcilik
10,Fen > Mühendislik > Endüstri Mühendisliği
11,Fen > Mühendislik > Enerji ve Yakıtlar
12,Fen > Mühendislik > Görüntüleme Bilimi ve Fotoğraf Teknolojisi
13,Fen > Mühendislik > Gıda Bilimi ve Teknolojisi
14,Fen > Mühendislik > Hücre ve Doku Mühendisliği
15,Fen > Mühendislik > Jeokimya ve Jeofizik
16,Fen > Mühendislik > Jeoloji
17,Fen > Mühendislik > Maden İşletme ve Cevher Hazırlama
18,"Fen > Mühendislik > Malzeme Bilimleri, Biyomalzemeler"
19,"Fen > Mühendislik > Malzeme Bilimleri, Kaplamalar ve Filmler"
20,"Fen > Mühendislik > Malzeme Bilimleri, Kompozitler"
21,"Fen > Mühendislik > Malzeme Bilimleri, Kâğıt ve Ahşap"
22,"Fen > Mühendislik > Malzeme Bilimleri, Seramik"
23,"Fen > Mühendislik > Malzeme Bilimleri, Tekstil"
24,"Fen > Mühendislik > Malzeme Bilimleri, Özellik ve Test"
25,Fen > Mühendislik > Metalürji Mühendisliği
26,Fen > Mühendislik > Meteoroloji ve Atmosferik Bilimler
27,Fen > Mühendislik > Mimarlık
28,"Fen > Mühendislik > Mühendislik, Biyotıp"
29,"Fen > Mühendislik > Mühendislik, Deniz"
30,"Fen > Mühendislik > Mühendislik, Elektrik ve Elektronik"
31,"Fen > Mühendislik > Mühendislik, Hava ve Uzay"
32,"Fen > Mühendislik > Mühendislik, Jeoloji"
33,"Fen > Mühendislik > Mühendislik, Kimya"
34,"Fen > Mühendislik > Mühendislik, Makine"
35,"Fen > Mühendislik > Mühendislik, Petrol"
36,Fen > Mühendislik > Nanobilim ve Nanoteknoloji
37,Fen > Mühendislik > Nükleer Bilim ve Teknolojisi
38,Fen > Mühendislik > Orman Mühendisliği
39,Fen > Mühendislik > Polimer Bilimi
40,Fen > Mühendislik > Robotik
41,Fen > Mühendislik > Savunma Bilimleri
42,Fen > Mühendislik > Taşınım Bilimi ve Teknolojisi
43,Fen > Mühendislik > Telekomünikasyon
44,"Fen > Mühendislik > Yeşil, Sürdürülebilir Bilim ve Teknoloji"
45,Fen > Mühendislik > Çevre Mühendisliği
46,Fen > Mühendislik > İmalat Mühendisliği
47,Fen > Mühendislik > İnşaat Mühendisliği
48,Fen > Mühendislik > İnşaat ve Yapı Teknolojisi
49,Fen > Temel Bilimler > Akustik
50,Fen > Temel Bilimler > Astronomi ve Astrofizik
51,Fen > Temel Bilimler > Balıkçılık
52,Fen > Temel Bilimler > Biyoloji
53,Fen > Temel Bilimler > Biyoloji Çeşitliliğinin Korunması
54,Fen > Temel Bilimler > Deniz ve Tatlı Su Biyolojisi
55,Fen > Temel Bilimler > Ekoloji
56,Fen > Temel Bilimler > Entomoloji
57,"Fen > Temel Bilimler > Fizik, Akışkanlar ve Plazma"
58,"Fen > Temel Bilimler > Fizik, Atomik ve Moleküler Kimya"
59,"Fen > Temel Bilimler > Fizik, Katı Hal"
60,"Fen > Temel Bilimler > Fizik, Matematik"
61,"Fen > Temel Bilimler > Fizik, Nükleer"
62,"Fen > Temel Bilimler > Fizik, Partiküller ve Alanlar"
63,"Fen > Temel Bilimler > Fizik, Uygulamalı"
64,Fen > Temel Bilimler > Fizikokimya
65,Fen > Temel Bilimler > Genetik ve Kalıtım
66,"Fen > Temel Bilimler > Kimya, Analitik"
67,"Fen > Temel Bilimler > Kimya, Organik"
68,"Fen > Temel Bilimler > Kimya, Tıbbi"
69,"Fen > Temel Bilimler > Kimya, Uygulamalı"
70,"Fen > Temel Bilimler > Kimya, İnorganik ve Nükleer"
71,Fen > Temel Bilimler > Kuş Bilimi
72,Fen > Temel Bilimler > Limnoloji
73,Fen > Temel Bilimler > Mantar Bilimi
74,Fen > Temel Bilimler > Matematik
75,Fen > Temel Bilimler > Mikroskopi
76,Fen > Temel Bilimler > Mineraloji
77,Fen > Temel Bilimler > Optik
78,Fen > Temel Bilimler > Oşinografi
79,Fen > Temel Bilimler > Paleontoloji
80,Fen > Temel Bilimler > Parazitoloji
81,Fen > Temel Bilimler > Spektroskopi
82,Fen > Temel Bilimler > Su Kaynakları
83,Fen > Temel Bilimler > Termodinamik
84,Fen > Temel Bilimler > Viroloji
85,Fen > Temel Bilimler > Zooloji
86,Fen > Temel Bilimler > Çevre Bilimleri
87,Fen > Temel Bilimler > İstatistik ve Olasılık
88,Fen > Tıp > Acil Tıp
89,Fen > Tıp > Adli Tıp
90,Fen > Tıp > Alerji
91,Fen > Tıp > Anatomi ve Morfoloji
92,Fen > Tıp > Androloji
93,Fen > Tıp > Anestezi
94,Fen > Tıp > Biyofizik
95,Fen > Tıp > Biyokimya ve Moleküler Biyoloji
96,Fen > Tıp > Biyoteknoloji ve Uygulamalı Mikrobiyoloji
97,Fen > Tıp > Cerrahi
98,Fen > Tıp > Dermatoloji
99,Fen > Tıp > Endokrinoloji ve Metabolizma
100,Fen > Tıp > Enfeksiyon Hastalıkları
101,Fen > Tıp > Fizyoloji
102,Fen > Tıp > Gastroenteroloji ve Hepatoloji
103,Fen > Tıp > Genel ve Dahili Tıp
104,Fen > Tıp > Geriatri ve Gerontoloji
105,Fen > Tıp > Göz Hastalıkları
106,Fen > Tıp > Halk ve Çevre Sağlığı
107,Fen > Tıp > Hematoloji
108,Fen > Tıp > Hücre Biyolojisi
109,Fen > Tıp > Kadın Hastalıkları ve Doğum
110,Fen > Tıp > Kalp ve Kalp Damar Sistemi
111,Fen > Tıp > Klinik Nöroloji
112,"Fen > Tıp > Kulak, Burun, Boğaz"
113,Fen > Tıp > Mikrobiyoloji
114,Fen > Tıp > Nörolojik Bilimler
115,Fen > Tıp > Odyoloji ve Konuşma-Dil Patolojisi
116,Fen > Tıp > Onkoloji
117,Fen > Tıp > Ortopedi
118,Fen > Tıp > Patoloji
119,Fen > Tıp > Pediatri
120,Fen > Tıp > Periferik Damar Hastalıkları
121,Fen > Tıp > Psikiyatri
122,"Fen > Tıp > Radyoloji, Nükleer Tıp, Tıbbi Görüntüleme"
123,Fen > Tıp > Rehabilitasyon
124,Fen > Tıp > Romatoloji
125,Fen > Tıp > Sağlık Bilimleri ve Hizmetleri
126,Fen > Tıp > Solunum Sistemi
127,Fen > Tıp > Spor Bilimleri
128,Fen > Tıp > Tamamlayıcı ve Entegre Tıp
129,Fen > Tıp > Temel Sağlık Hizmetleri
130,Fen > Tıp > Transplantasyon
131,Fen > Tıp > Tropik Tıp
132,Fen > Tıp > Tıbbi Araştırmalar Deneysel
133,Fen > Tıp > Tıbbi Etik
134,Fen > Tıp > Tıbbi Laboratuar Teknolojisi
135,Fen > Tıp > Tıbbi İnformatik
136,"Fen > Tıp > Yoğun Bakım, Tıp"
137,Fen > Tıp > Üroloji ve Nefroloji
138,Fen > Tıp > İmmünoloji
139,Fen > Veterinerlik > Veterinerlik
140,Fen > Ziraat > Bahçe Bitkileri
141,Fen > Ziraat > Bitki Bilimleri
142,Fen > Ziraat > Tarımsal Ekonomi ve Politika
143,Fen > Ziraat > Ziraat Mühendisliği
144,"Fen > Ziraat > Ziraat, Toprak Bilimi"
145,Sosyal > Sosyal > Aile Çalışmaları
146,Sosyal > Sosyal > Antropoloji
147,Sosyal > Sosyal > Arkeoloji
148,Sosyal > Sosyal > Asya Çalışmaları
149,Sosyal > Sosyal > Beslenme ve Diyetetik
150,Sosyal > Sosyal > Beşeri Bilimler
151,"Sosyal > Sosyal > Bilgi, Belge Yönetimi"
152,Sosyal > Sosyal > Bilim Felsefesi ve Tarihi
153,Sosyal > Sosyal > Coğrafya
154,Sosyal > Sosyal > Davranış Bilimleri
155,Sosyal > Sosyal > Dil ve Dil Bilim
156,Sosyal > Sosyal > Din Bilimi
157,Sosyal > Sosyal > Edebi Teori ve Eleştiri
158,Sosyal > Sosyal > Edebiyat
159,Sosyal > Sosyal > Etik
160,Sosyal > Sosyal > Etnik Çalışmalar
161,"Sosyal > Sosyal > Eğitim, Eğitim Araştırmaları"
162,"Sosyal > Sosyal > Eğitim, Özel"
163,Sosyal > Sosyal > Felsefe
164,"Sosyal > Sosyal > Film, Radyo, Televizyon"
165,Sosyal > Sosyal > Folklor
166,Sosyal > Sosyal > Halkla İlişkiler
167,Sosyal > Sosyal > Hemşirelik
168,Sosyal > Sosyal > Hukuk
169,Sosyal > Sosyal > Kadın Araştırmaları
170,Sosyal > Sosyal > Kamu Yönetimi
171,Sosyal > Sosyal > Kentsel Çalışmalar
172,Sosyal > Sosyal > Kriminoloji ve Ceza Bilimi
173,Sosyal > Sosyal > Kültürel Çalışmalar
174,Sosyal > Sosyal > Madde Bağımlılığı
175,Sosyal > Sosyal > Mantık
176,Sosyal > Sosyal > Müzik
177,Sosyal > Sosyal > Nüfus İstatistikleri Bilimi
178,Sosyal > Sosyal > Ortaçağ ve Rönesans Çalışmaları
179,"Sosyal > Sosyal > Otelcilik, Konaklama, Spor ve Turizm"
180,Sosyal > Sosyal > Psikoloji
181,Sosyal > Sosyal > Sanat
182,Sosyal > Sosyal > Sağlık Politikaları ve Hizmetleri
183,Sosyal > Sosyal > Siyasi Bilimler
184,Sosyal > Sosyal > Sosyal Çalışma
185,Sosyal > Sosyal > Sosyoloji
186,Sosyal > Sosyal > Tarih
187,Sosyal > Sosyal > Tiyatro
188,Sosyal > Sosyal > Uluslararası İlişkiler
189,Sosyal > Sosyal > Çevre Çalışmaları
190,Sosyal > Sosyal > İktisat
191,Sosyal > Sosyal > İletişim
192,Sosyal > Sosyal > İş
193,Sosyal > Sosyal > İşletme
194,Sosyal > Sosyal > İşletme Finans
