external_id,baslik,mevcut_kategori,tam_kategori_yollari,glosh_skoru,hdbscan_kume,oneri_yol,oneri_kategori,label_sim_fark,knn_oneri,knn_baskinlik,knn_impurity,ortak_agac_derinligi,oncelik,supheli_mi,risk_skoru
1398625,ENSTRÜMAN YAPIMINDA YENİLİKÇİ ÇÖZÜMLER: KAFASIZ KONTRBAS TASARIMI VE AKORT SİSTEMİ,"Müzik, Sanat",Sosyal > Sosyal > Müzik | Sosyal > Sosyal > Sanat,0.8931014197613315,-1,Fen > Temel Bilimler > Akustik,Akustik,0.405295193195343,Akustik,0.5,0.9,0,KRİTİK (Farklı Ana Disiplin),1,0.7251286725587031
1392146,UZAY MUHASEBESİNİ BEKLEYEN ZORLUKLARIN MUHASEBE VE DENETİM AÇISINDAN DEĞERLENDİRİLMESİ,"Coğrafya, İşletme",Sosyal > Sosyal > Coğrafya | Sosyal > Sosyal > İşletme,0.8874428107405744,-1,"Fen > Mühendislik > Mühendislik, Hava ve Uzay","Mühendislik, Hava ve Uzay",0.34167444705963135,Astronomi ve Astrofizik,0.4,0.9,0,KRİTİK (Farklı Ana Disiplin),1,0.7014467591560146
1278417,Japon Bıldırcınlarında (Coturnix coturnix japonica) Yeme Farklı Oranlarda İlave Edilen Borun Lenfoid Organlar Üzerindeki Etkileri,"Kuş Bilimi, Zooloji",Fen > Temel Bilimler > Kuş Bilimi | Fen > Temel Bilimler > Zooloji,0.9237104552646345,-1,Fen > Eczacılık > Toksikoloji,Toksikoloji,0.17110133171081543,Toksikoloji,0.6,1.0,1,YÜKSEK (Farklı Alt Alan),1,0.6908130799149441
1339723,Comparison of the Sensitive Volume Response of the Three Different Cylindrical Ionization Chambers with GEANT4 Simulations Using the Concept of Output Factor,"Biyofizik, Onkoloji",Fen > Tıp > Biyofizik | Fen > Tıp > Onkoloji,0.8832930892488646,-1,"Fen > Mühendislik > Malzeme Bilimleri, Özellik ve Test","Malzeme Bilimleri, Özellik ve Test",0.17138828337192535,Fizik,0.4,1.0,1,YÜKSEK (Farklı Alt Alan),1,0.6808091714923901
1387357,"De Nunzio Nomogramı, Semirigid Üreteroskopi Sonrası Taşsızlık Oranlarını Güvenilir Şekilde Öngörebilir mi? Retrospektif Bir Eksternal Validasyon Çalışması",Arkeoloji,Sosyal > Sosyal > Arkeoloji,0.6866078223973455,-1,"Fen > Tıp > Radyoloji, Nükleer Tıp, Tıbbi Görüntüleme","Radyoloji, Nükleer Tıp, Tıbbi Görüntüleme",0.30763640999794006,Cerrahi,0.3,1.0,0,KRİTİK (Farklı Ana Disiplin),1,0.6793246990986155
1384215,"Dijital Araçların Nitel Araştırmalara Etkisi: Fırsatlar, Sınırlılıklar ve Etik Sorumluluklar","Bilim Felsefesi ve Tarihi, Felsefe, Sosyoloji",Sosyal > Sosyal > Bilim Felsefesi ve Tarihi | Sosyal > Sosyal > Felsefe | Sosyal > Sosyal > Sosyoloji,0.8342990130927488,-1,"Fen > Mühendislik > Bilgisayar Bilimleri, Sibernitik","Bilgisayar Bilimleri, Sibernitik",0.15571841597557068,Bilgisayar Bilimleri,0.6,1.0,0,KRİTİK (Farklı Ana Disiplin),1,0.663076198864637
1375992,Elle Yazılıp İmzalandıktan Sonra İstiflenen Kağıt Belgeler Arasında Difüzyona İzin Veren Bir Ortamda GC-MS Yöntemiyle Mürekkep Yaşı Tayininin Değerlendirilmesi,Adli Tıp,Fen > Tıp > Adli Tıp,0.8489698213145764,-1,"Sosyal > Sosyal > Bilgi, Belge Yönetimi","Bilgi, Belge Yönetimi",0.14109432697296143,Hukuk,0.3,1.0,0,KRİTİK (Farklı Ana Disiplin),1,0.6616254697691806
1390366,YAPAY ZEKÂ YÖNETİM SİSTEMİ DENETİMİ VE SERTİFİKASYONU: ISO/IEC 42001 VE ISO/IEC 42006’NIN TÜRKİYE’DE SERTİFİKASYON AÇISINDAN DEĞERLENDİRİLMESİ,"Bilgi, Belge Yönetimi, İşletme","Sosyal > Sosyal > Bilgi, Belge Yönetimi | Sosyal > Sosyal > İşletme",0.8706687811066927,-1,"Fen > Mühendislik > Bilgisayar Bilimleri, Yapay Zeka","Bilgisayar Bilimleri, Yapay Zeka",0.2220383584499359,Bilgisayar Bilimleri,0.7,0.9,0,KRİTİK (Farklı Ana Disiplin),1,0.6553806207341508
1388561,Illegal and Original Toxin Discrimination with the Help of Wood’s Light,Adli Tıp,Fen > Tıp > Adli Tıp,0.86912964883184,-1,Fen > Eczacılık > Toksikoloji,Toksikoloji,0.21393781900405884,Toksikoloji,0.4,0.9,1,YÜKSEK (Farklı Alt Alan),1,0.6521606488593806
1436146,BİLGİ KURAMI BAĞLAMINDA KEHANET İLETİŞİMİ VE ASTROLOJİNİN SOSYAL MEDYADA YER ALIŞ BİÇİMLERİ,İletişim,Sosyal > Sosyal > İletişim,0.5780022531820357,-1,Fen > Temel Bilimler > Astronomi ve Astrofizik,Astronomi ve Astrofizik,0.2895227372646332,Astronomi ve Astrofizik,0.5,1.0,0,KRİTİK (Farklı Ana Disiplin),1,0.6458335213381305
1378467,Silver Linden (Tilia tomentosa Moench) Ağaçlarının Sonbahar Yaprağı Renklenmesinin Renk Spektrofotometresi ile Evrimi,"Biyoloji, Spektroskopi",Fen > Temel Bilimler > Biyoloji | Fen > Temel Bilimler > Spektroskopi,0.8686164006280398,-1,Fen > Ziraat > Bahçe Bitkileri,Bahçe Bitkileri,0.18843993544578552,Malzeme Bilimleri,0.4,0.9,1,YÜKSEK (Farklı Alt Alan),1,0.6431080775630349
1390685,Ağırlıklı Çakıştırma Yöntemi ile Kastamonu ili Uygun Arıcılık Lokasyonlarının Belirlenmesi,"Bilgisayar Bilimleri, Yazılım Mühendisliği, Coğrafya","Fen > Mühendislik > Bilgisayar Bilimleri, Yazılım Mühendisliği | Sosyal > Sosyal > Coğrafya",0.8401783389010293,-1,Fen > Ziraat > Tarımsal Ekonomi ve Politika,Tarımsal Ekonomi ve Politika,0.20070114731788635,Tarımsal Ekonomi ve Politika,0.2,0.9,1,YÜKSEK (Farklı Alt Alan),1,0.6402899862865176
1402014,Saldırganlık Türleri ile Yürütücü İşlevler Arasındaki İlişki: Meta-Analiz Çalışması,Psikiyatri,Fen > Tıp > Psikiyatri,0.8684976868362609,-1,Sosyal > Sosyal > Davranış Bilimleri,Davranış Bilimleri,0.1404205858707428,Davranış Bilimleri,0.3,0.9,0,KRİTİK (Farklı Ana Disiplin),1,0.6262716267638252
1373987,Çeviri Ödülleri Aracılığıyla Çevirmen Habituslarının ve Sermayenin Yeniden Üretimi: Türkiye Örneği,"Fizik, Uygulamalı, Sosyoloji","Fen > Temel Bilimler > Fizik, Uygulamalı | Sosyal > Sosyal > Sosyoloji",0.5607644521457854,-1,"Fen > Mühendislik > Mühendislik, Deniz","Mühendislik, Deniz",0.23470798134803772,Antropoloji,0.4,1.0,1,YÜKSEK (Farklı Alt Alan),1,0.6223389065082596
1375271,Protective Effects of Taraxacum Officinale Leaf Extract Against Hydrogen Peroxide-Induced Oxidative Stress in Drosophila Melanogaster Larvae,"Biyoloji, Kimya, Tıbbi","Fen > Temel Bilimler > Biyoloji | Fen > Temel Bilimler > Kimya, Tıbbi",0.8104867118599458,-1,Fen > Ziraat > Bitki Bilimleri,Bitki Bilimleri,0.1237536370754242,Entomoloji,0.4,0.9,1,YÜKSEK (Farklı Alt Alan),1,0.6059354509413849
1395580,"Tükenmişlik Ölçme Aracının Çok Kısa Formunun Uyarlaması (BAT4): Geçerlilik, Güvenilirlik, Ölçüm Değişmezliği ve İlişki Analizi","Davranış Bilimleri, Psikoloji",Sosyal > Sosyal > Davranış Bilimleri | Sosyal > Sosyal > Psikoloji,0.9200146359057382,-1,"Fen > Mühendislik > Malzeme Bilimleri, Özellik ve Test","Malzeme Bilimleri, Özellik ve Test",0.1528874933719635,Bilgi,0.3,0.8,0,KRİTİK (Farklı Ana Disiplin),1,0.6035142816566219
1398986,Tıbbi Sekreter Adaylarının Yapay Zekâ Konusundaki Kaygı Düzeylerinin Yapay Zekâ Okuryazarlığıyla İlişkisi Üzerine Bir Araştırma,"Sağlık Bilimleri ve Hizmetleri, Tıbbi İnformatik",Fen > Tıp > Sağlık Bilimleri ve Hizmetleri | Fen > Tıp > Tıbbi İnformatik,0.8711230071015518,-1,"Fen > Mühendislik > Bilgisayar Bilimleri, Yapay Zeka","Bilgisayar Bilimleri, Yapay Zeka",0.18012160062789917,Bilgisayar Bilimleri,0.8,0.8,1,YÜKSEK (Farklı Alt Alan),1,0.6008233119951527
1393397,Cytotoxic and genotoxic effects of minor temperature changes and zinc oxide nanoparticles synthesized using Plantago major on Oncorhynchus mykiss gonadal cells,"Zooloji, Çevre Bilimleri",Fen > Temel Bilimler > Zooloji | Fen > Temel Bilimler > Çevre Bilimleri,0.6310295561509645,-1,Fen > Ziraat > Bitki Bilimleri,Bitki Bilimleri,0.09703046083450317,Nanobilim ve Nanoteknoloji,0.4,1.0,1,YÜKSEK (Farklı Alt Alan),1,0.5917180503298172
1407133,BİTCOİN İŞLEMLERİNDE HİLELİ FAALİYET ÖRÜNTÜLERİNİN TESPİTİ: ŞÜPHELİ CÜZDAN DAVRANIŞLARININ ANALİZİ,Kriminoloji ve Ceza Bilimi,Sosyal > Sosyal > Kriminoloji ve Ceza Bilimi,0.8634883850604395,-1,Fen > Temel Bilimler > İstatistik ve Olasılık,İstatistik ve Olasılık,0.14053308963775635,Bilgisayar Bilimleri,0.4,0.8,0,KRİTİK (Farklı Ana Disiplin),1,0.5850586776383246
1397862,Sermaye Yapısını Etkileyen Firmaya Özgü Faktörler: Türkiye’deki Gıda ve İçecek ile Taş ve Toprağa Dayalı Sanayi Firmaları Üzerine Bir Uygulama,İşletme Finans,Sosyal > Sosyal > İşletme Finans,0.6914781878819378,-1,Fen > Ziraat > Tarımsal Ekonomi ve Politika,Tarımsal Ekonomi ve Politika,0.1334155797958374,Tarımsal Ekonomi ve Politika,0.5,0.9,0,KRİTİK (Farklı Ana Disiplin),1,0.5795649998990275
1366874,MADEN ADLARININ KÖKEN BİLİMİ AÇISINDAN İNCELENMESİ,"Malzeme Bilimleri, Kâğıt ve Ahşap, Metalürji Mühendisliği, Dil ve Dil Bilim","Fen > Mühendislik > Malzeme Bilimleri, Kâğıt ve Ahşap | Fen > Mühendislik > Metalürji Mühendisliği | Sosyal > Sosyal > Dil ve Dil Bilim",0.8830099810193424,-1,Fen > Temel Bilimler > Mineraloji,Mineraloji,0.10274654626846313,Maden İşletme ve Cevher Hazırlama,0.6,0.8,1,YÜKSEK (Farklı Alt Alan),1,0.5767137864487977
1399663,Mikro- ve Nanoplastiklerin Kişisel Bakım Ürünlerinde Kullanımı ve Toksikolojik Etkileri: Geleneksel Derleme,"Farmakoloji ve Eczacılık, Toksikoloji, Çevre Bilimleri",Fen > Eczacılık > Farmakoloji ve Eczacılık | Fen > Eczacılık > Toksikoloji | Fen > Temel Bilimler > Çevre Bilimleri,0.8538717063515597,-1,Fen > Mühendislik > Nanobilim ve Nanoteknoloji,Nanobilim ve Nanoteknoloji,0.22478848695755005,Malzeme Bilimleri,0.4,0.7,1,YÜKSEK (Farklı Alt Alan),1,0.5721438970230324
1442059,Göçle Kesintiye Uğrayan Gelecek: Mevsimlik Tarımda Çocuk İşçiliği ve Eğitime Erişim Üzerine Nitel Bir Araştırma,"Eğitim, Eğitim Araştırmaları, Sosyoloji","Sosyal > Sosyal > Eğitim, Eğitim Araştırmaları | Sosyal > Sosyal > Sosyoloji",0.8470612978512122,-1,Fen > Ziraat > Tarımsal Ekonomi ve Politika,Tarımsal Ekonomi ve Politika,0.11014282703399658,Tarımsal Ekonomi ve Politika,0.3,0.8,0,KRİTİK (Farklı Ana Disiplin),1,0.5703153139247019
1399531,Development and validation of caregiver’s attitudes toward drug addict’s recovery scale,"Madde Bağımlılığı, Psikoloji",Sosyal > Sosyal > Madde Bağımlılığı | Sosyal > Sosyal > Psikoloji,0.8762226826726061,-1,Fen > Tıp > Rehabilitasyon,Rehabilitasyon,0.20151562988758087,Psikiyatri,0.5,0.7,0,KRİTİK (Farklı Ana Disiplin),1,0.5695861411288048
1436122,SANAYİ 4.0: ÇEŞİTLİ ÜLKE ÖRNEKLERİ ÜZERİNDEN ULUSAL POLİTİKALARIN VE STRATEJİLERİN İNCELEMESİ,"Kamu Yönetimi, İşletme",Sosyal > Sosyal > Kamu Yönetimi | Sosyal > Sosyal > İşletme,0.8441809761047854,-1,"Fen > Mühendislik > Yeşil, Sürdürülebilir Bilim ve Teknoloji","Yeşil, Sürdürülebilir Bilim ve Teknoloji",0.10972899198532104,Endüstri Mühendisliği,0.3,0.8,0,KRİTİK (Farklı Ana Disiplin),1,0.5694503912210588
1375957,Hayvanları Koruma Kanunu’nda Yapılan Düzenlemelerle İlgili Çıkan Haberler Üzerinden Bir Söylem Analizi,"Antropoloji, Hukuk, Mantık",Sosyal > Sosyal > Antropoloji | Sosyal > Sosyal > Hukuk | Sosyal > Sosyal > Mantık,0.4466010908311947,-1,Fen > Veterinerlik > Veterinerlik,Veterinerlik,0.2660987675189972,Parazitoloji,0.3,0.9,0,KRİTİK (Farklı Ana Disiplin),1,0.5647848413394477
1402010,Partnerin Tampon İşlevi: Kavramsal Bir Derleme,Psikiyatri,Fen > Tıp > Psikiyatri,0.8482135699970166,-1,Sosyal > Sosyal > Madde Bağımlılığı,Madde Bağımlılığı,0.20571136474609375,Aile Çalışmaları,0.3,0.7,0,KRİTİK (Farklı Ana Disiplin),1,0.5640523701603869
1378102,"Perlit Katkılı Seramiklerde Sinterleme Tabanlı Faz, Mikroyapı ve Mikrogerinim Evrimi","Malzeme Bilimleri, Seramik","Fen > Mühendislik > Malzeme Bilimleri, Seramik",0.834528700704009,-1,Fen > Temel Bilimler > Mikroskopi,Mikroskopi,0.0975918173789978,Fizik,0.4,0.8,1,YÜKSEK (Farklı Alt Alan),1,0.5627893112586515
1376002,Adli Vaka ve Adli Delil Yönetimi Eğitimi: Paramedik Öğrenci Örneği,Adli Tıp,Fen > Tıp > Adli Tıp,0.561646357398466,54,"Sosyal > Sosyal > Eğitim, Eğitim Araştırmaları","Eğitim, Eğitim Araştırmaları",0.1766895353794098,Eğitim,0.3,0.9,0,KRİTİK (Farklı Ana Disiplin),1,0.5622529267324099
1385046,"Google Earth Pro (GEP) Verilerinden Sayısal Yükseklik Modeli (SYM) Üretme Yöntemlerinin Farklı Arazi Tiplerine, Test Verilerine, Enterpolasyon Yöntemlerine Göre Doğruluklarının Analizi","Mikroskopi, Optik, Coğrafya",Fen > Temel Bilimler > Mikroskopi | Fen > Temel Bilimler > Optik | Sosyal > Sosyal > Coğrafya,0.8858336492633366,-1,Fen > Mühendislik > Jeoloji,Jeoloji,0.1704138219356537,Bilgisayar Bilimleri,0.5,0.7,1,YÜKSEK (Farklı Alt Alan),1,0.561103249993313
1232595,Çam Ağaçlarında Mantar Hastalığının İzlenmesi için Üçgen Yeşillik İndeksi Analizi: İHA Tabanlı Bir Yaklaşım,"Görüntüleme Bilimi ve Fotoğraf Teknolojisi, Ekoloji, Kuş Bilimi, Matematik, Mikroskopi, Çevre Bilimleri",Fen > Mühendislik > Görüntüleme Bilimi ve Fotoğraf Teknolojisi | Fen > Temel Bilimler > Ekoloji | Fen > Temel Bilimler > Kuş Bilimi | Fen > Temel Bilimler > Matematik | Fen > Temel Bilimler > Mikroskopi | Fen > Temel Bilimler > Çevre Bilimleri,0.923675148345341,-1,Fen > Ziraat > Bahçe Bitkileri,Bahçe Bitkileri,0.12223273515701294,Bilgisayar Bilimleri,0.4,0.7,1,YÜKSEK (Farklı Alt Alan),1,0.5537002443912897
1392054,Analysis and optimization of the adsorption of lead ions on a new material based on silica synthesized from blast furnace slag,"Kimya, İnorganik ve Nükleer, Çevre Bilimleri","Fen > Temel Bilimler > Kimya, İnorganik ve Nükleer | Fen > Temel Bilimler > Çevre Bilimleri",0.8527418729802146,-1,Fen > Mühendislik > Metalürji Mühendisliği,Metalürji Mühendisliği,0.1636410653591156,Malzeme Bilimleri,0.6,0.7,1,YÜKSEK (Farklı Alt Alan),1,0.5504598411207441
1393426,Blinking without eyelids: first video-documented evidence of a blink-like reflex in Ophisops elegans (Reptilia: Lacertidae),"Biyoloji, Zooloji",Fen > Temel Bilimler > Biyoloji | Fen > Temel Bilimler > Zooloji,0.27998783149438394,33,Fen > Tıp > Göz Hastalıkları,Göz Hastalıkları,0.2238157093524933,Göz Hastalıkları,0.3,1.0,1,YÜKSEK (Farklı Alt Alan),1,0.5483324561469687
1390507,Sanayi Coğrafyası Açısından Bir İnceleme: Kayseri Organize Sanayi  Bölgesi,Coğrafya,Sosyal > Sosyal > Coğrafya,0.4729504111910968,99,Fen > Mühendislik > Endüstri Mühendisliği,Endüstri Mühendisliği,0.19563457369804382,Mimarlık,0.4,0.9,0,KRİTİK (Farklı Ana Disiplin),1,0.5467097035920896
1443940,İLETİŞİM ARAŞTIRMALARINDA DİJİTAL SİMÜLASYON YAKLAŞIMLARI: SİSTEMATİK BİR İNCELEME,İletişim,Sosyal > Sosyal > İletişim,0.35127605882651697,87,"Fen > Mühendislik > Bilgisayar Bilimleri, Yapay Zeka","Bilgisayar Bilimleri, Yapay Zeka",0.28077080845832825,Bilgisayar Bilimleri,0.9,0.9,0,KRİTİK (Farklı Ana Disiplin),1,0.5460887976670442
1393889,Differences in Breeding Systems Can Affect the Body Hygiene Status and Productivity of Anatolian Buffalo Cows,"Gıda Bilimi ve Teknolojisi, Ziraat Mühendisliği",Fen > Mühendislik > Gıda Bilimi ve Teknolojisi | Fen > Ziraat > Ziraat Mühendisliği,0.8624689791395233,-1,Fen > Veterinerlik > Veterinerlik,Veterinerlik,0.13721676170825958,Veterinerlik,0.3,0.7,1,YÜKSEK (Farklı Alt Alan),1,0.5436431113827715
1450117,The core microbiome of fluvisols from the Vistula River Valley: relationships between bacteria and basic soil properties,"Ziraat, Toprak Bilimi","Fen > Ziraat > Ziraat, Toprak Bilimi",0.36415422569974104,111,Fen > Temel Bilimler > Viroloji,Viroloji,0.14469149708747864,Biyoloji,0.4,1.0,1,YÜKSEK (Farklı Alt Alan),1,0.5416805804055528
1389173,Gürültülü İşyerlerinde İşle İlgili Faktörler ve İşitme Koruyucu Cihaz Kullanımı Arasındaki İlişki: Kesitsel Araştırma,"Odyoloji ve Konuşma-Dil Patolojisi, Sağlık Politikaları ve Hizmetleri",Fen > Tıp > Odyoloji ve Konuşma-Dil Patolojisi | Sosyal > Sosyal > Sağlık Politikaları ve Hizmetleri,0.6918777016370425,2,Fen > Mühendislik > Telekomünikasyon,Telekomünikasyon,0.12005549669265747,Akustik,0.4,0.8,1,YÜKSEK (Farklı Alt Alan),1,0.5349888492516908
1429225,Tıbbi ve Aromatik Bitkilerde Hastalık Etmenleri ve Zararlılar: Etkileri ve Sürdürülebilir Mücadele Yaklaşımları,Bitki Bilimleri,Fen > Ziraat > Bitki Bilimleri,0.8152718972894802,-1,Fen > Eczacılık > Toksikoloji,Toksikoloji,0.13168177008628845,Toksikoloji,0.3,0.7,1,YÜKSEK (Farklı Alt Alan),1,0.529906593852571
1396984,"Keban Barajı’nın Batı Sınırında Kalkolitik Dönem: Kalaycık, Kalecikler ve Hoşrik Kazıları (Elazığ-Ağın) Bulguları","Arkeoloji, Tarih",Sosyal > Sosyal > Arkeoloji | Sosyal > Sosyal > Tarih,0.5780847280299015,-1,"Fen > Mühendislik > Mühendislik, Jeoloji","Mühendislik, Jeoloji",0.1748586893081665,Mühendislik,0.3,0.8,0,KRİTİK (Farklı Ana Disiplin),1,0.5257217232653337
1399848,"Artificial intelligence in mycology: a systematic review of species identification, biotechnological assessment, and explainable deep learning methods",Mantar Bilimi,Fen > Temel Bilimler > Mantar Bilimi,0.3589126437004364,0,"Fen > Mühendislik > Bilgisayar Bilimleri, Yapay Zeka","Bilgisayar Bilimleri, Yapay Zeka",0.21549907326698303,Bilgisayar Bilimleri,1.0,0.9,1,YÜKSEK (Farklı Alt Alan),1,0.5251528365685532
1430807,ROBOT VERGİSİNİN UYGULANABİLİRLİĞİ ÜZERİNE BİR İNCELEME,İktisat,Sosyal > Sosyal > İktisat,0.42686093696247085,87,Fen > Mühendislik > Robotik,Robotik,0.2806437313556671,Bilgisayar Bilimleri,0.5,0.8,0,KRİTİK (Farklı Ana Disiplin),1,0.5249405402151013
1382974,TÜRKİYE İSTATİSTİK KURUMU’NUN AÇIKLADIĞI  SAĞLIK VERİSİNE GÜVENİLİR Mİ?,"Etik, Nüfus İstatistikleri Bilimi",Sosyal > Sosyal > Etik | Sosyal > Sosyal > Nüfus İstatistikleri Bilimi,0.35358380293016256,45,Fen > Tıp > Halk ve Çevre Sağlığı,Halk ve Çevre Sağlığı,0.09541654586791992,Temel Sağlık Hizmetleri,0.3,1.0,0,KRİTİK (Farklı Ana Disiplin),1,0.5217917417863127
1388449,"Simultaneous determination and variability over time of Cr, Cu, Zn, As, Se, Sr, Cd, Sb, Hg, Tl, Pb concentrations in fingernail samples by ICP-MS method","Toksikoloji, Adli Tıp",Fen > Eczacılık > Toksikoloji | Fen > Tıp > Adli Tıp,0.35140293565530156,27,Fen > Diş Hekimliği > Diş Hekimliği,Diş Hekimliği,0.09564808011054993,Diş Hekimliği,0.5,1.0,1,YÜKSEK (Farklı Alt Alan),1,0.5213275619525178
1389453,YAPAY ZEKÂ VE SİYASET: DİJİTAL ÇAĞDA SİYASAL DÖNÜŞÜM,"Bilim Felsefesi ve Tarihi, Siyasi Bilimler",Sosyal > Sosyal > Bilim Felsefesi ve Tarihi | Sosyal > Sosyal > Siyasi Bilimler,0.4434916401390726,87,"Fen > Mühendislik > Bilgisayar Bilimleri, Yapay Zeka","Bilgisayar Bilimleri, Yapay Zeka",0.14373841881752014,Bilgisayar Bilimleri,0.8,0.9,0,KRİTİK (Farklı Ana Disiplin),1,0.5211813566209003
1341217,Portatif sagital plan omurga  eğriliği ölçüm sistemi tasarımı ve ön değerlendirmesi,"Biyofizik, Sağlık Bilimleri ve Hizmetleri",Fen > Tıp > Biyofizik | Fen > Tıp > Sağlık Bilimleri ve Hizmetleri,0.875389109177239,-1,Fen > Temel Bilimler > Oşinografi,Oşinografi,0.15021243691444397,Biyofizik,0.4,0.6,1,YÜKSEK (Farklı Alt Alan),1,0.5114216302143652
1395891,YouTube’daki Benign Prostat Cerrahisi Videolarının Eğitsel Kalitesinin Değerlendirilmesi: İnsan ve Yapay Zekâ Tabanlı Karşılaştırmalı Bir Analiz,"Cerrahi, Tıbbi İnformatik, Üroloji ve Nefroloji",Fen > Tıp > Cerrahi | Fen > Tıp > Tıbbi İnformatik | Fen > Tıp > Üroloji ve Nefroloji,0.8880714583500853,-1,"Fen > Mühendislik > Bilgisayar Bilimleri, Yapay Zeka","Bilgisayar Bilimleri, Yapay Zeka",0.13511589169502258,Bilgisayar Bilimleri,0.5,0.6,1,YÜKSEK (Farklı Alt Alan),1,0.5093084266807792
1432781,"Afazide Aile Yaşamı Etki Ölçeği’nin Türkçeye Uyarlanması,  Geçerlik ve Güvenirlik: Metodolojik Çalışma","Klinik Nöroloji, Odyoloji ve Konuşma-Dil Patolojisi, Rehabilitasyon",Fen > Tıp > Klinik Nöroloji | Fen > Tıp > Odyoloji ve Konuşma-Dil Patolojisi | Fen > Tıp > Rehabilitasyon,0.0,72,Sosyal > Sosyal > Aile Çalışmaları,Aile Çalışmaları,0.30987152457237244,Aile Çalışmaları,0.6,1.0,0,KRİTİK (Farklı Ana Disiplin),1,0.5084550336003304
1230282,HAKAS MASALI “ZENGİNLE AVCI”NIN VLADİMİR PROPP’UN YAPISAL ANLATI ÇÖZÜMLEME YÖNTEMİ KAPSAMINDA İNCELENMESİ,"Kuş Bilimi, Antropoloji, Beşeri Bilimler, Dil ve Dil Bilim",Fen > Temel Bilimler > Kuş Bilimi | Sosyal > Sosyal > Antropoloji | Sosyal > Sosyal > Beşeri Bilimler | Sosyal > Sosyal > Dil ve Dil Bilim,0.2432207863834146,120,"Fen > Mühendislik > Mühendislik, Deniz","Mühendislik, Deniz",0.1329869031906128,Folklor,0.4,1.0,1,YÜKSEK (Farklı Alt Alan),1,0.5073506127125682
1370285,Genomun Çekirdek İçerisindeki 3 Boyutlu Yapısının Çekirdek Morfolojisine ve Kromatin Dağılımına Etkisinin Hesaplamalı ve Kuramsal Yöntemlerle Analizi,"Biyofizik, Biyokimya ve Moleküler Biyoloji, Hücre Biyolojisi",Fen > Tıp > Biyofizik | Fen > Tıp > Biyokimya ve Moleküler Biyoloji | Fen > Tıp > Hücre Biyolojisi,0.7019687867159934,17,Fen > Temel Bilimler > Genetik ve Kalıtım,Genetik ve Kalıtım,0.1250263750553131,Biyoloji,0.4,0.7,1,YÜKSEK (Farklı Alt Alan),1,0.4992514279483579
1393994,YAPAY ZEKA İLE TERAPİ: TERAPÖTİK SÜREÇTE ALGORİTMALARIN ETKİSİ VE ETİK SORUNLAR,"Etik, Psikoloji",Sosyal > Sosyal > Etik | Sosyal > Sosyal > Psikoloji,0.8539379169447029,-1,Fen > Tıp > Tıbbi Etik,Tıbbi Etik,0.1246677041053772,Bilgisayar Bilimleri,0.7,0.6,0,KRİTİK (Farklı Ana Disiplin),1,0.4971181756730577
1333478,Evaluation of physical and chemical condition of a group of waterlogged archaeological woods from the Yenikapı 16 shipwreck,"Deniz ve Tatlı Su Biyolojisi, Kimya, Organik, Kimya, Uygulamalı, Mikroskopi, Paleontoloji","Fen > Temel Bilimler > Deniz ve Tatlı Su Biyolojisi | Fen > Temel Bilimler > Kimya, Organik | Fen > Temel Bilimler > Kimya, Uygulamalı | Fen > Temel Bilimler > Mikroskopi | Fen > Temel Bilimler > Paleontoloji",0.7028402829732425,-1,Fen > Mühendislik > Orman Mühendisliği,Orman Mühendisliği,0.11751410365104675,Orman Mühendisliği,0.3,0.7,1,YÜKSEK (Farklı Alt Alan),1,0.496840007021177
1352944,The distribution of shoulder enhancement and associated features among NEIALs spectra observed with the EISCAT Svalbard 42m radar,"Fizik, Matematik, Fizik, Partiküller ve Alanlar","Fen > Temel Bilimler > Fizik, Matematik | Fen > Temel Bilimler > Fizik, Partiküller ve Alanlar",0.8351942642998904,-1,Fen > Mühendislik > Meteoroloji ve Atmosferik Bilimler,Meteoroloji ve Atmosferik Bilimler,0.12747105956077576,Bilgisayar Bilimleri,0.4,0.6,1,YÜKSEK (Farklı Alt Alan),1,0.4934134369212441
1330011,Giresun İlinin 2018-2023 Yılları İçerisindeki Katı Atık Performansının Ölçülmesi,"Oşinografi, Çevre Bilimleri",Fen > Temel Bilimler > Oşinografi | Fen > Temel Bilimler > Çevre Bilimleri,0.8861559166705444,-1,Fen > Tıp > Halk ve Çevre Sağlığı,Halk ve Çevre Sağlığı,0.09038844704627991,Malzeme Bilimleri,0.4,0.6,1,YÜKSEK (Farklı Alt Alan),1,0.4931749356338341
1393928,Fındık Yaprağı ve Zurufu Atıklarından Elde Edilen Ekstrakt ve Diyet Liflerin 1 M HCl İçinde Yumuşak Çelik Korozyonuna Karşı İnhibitör Etkilerinin İncelenmesi,"Malzeme Bilimleri, Tekstil, Mühendislik, Kimya","Fen > Mühendislik > Malzeme Bilimleri, Tekstil | Fen > Mühendislik > Mühendislik, Kimya",0.8791507114014624,-1,Fen > Eczacılık > Toksikoloji,Toksikoloji,0.0909159779548645,Malzeme Bilimleri,0.4,0.6,1,YÜKSEK (Farklı Alt Alan),1,0.4916082701345682
1369475,"Çevresel Örneklerde Bulunan Kurşun, Kadmiyum ve Nikel'in Basit ve Etkili Ekstraksiyon/Önderiştirme Stratejileri ve Farklı Hidrazon Kompleksleştirici Ajanları Kullanarak Yarıklı Kuartz Tüp-Alevli Atomik Absorpsiyon Spektrometrisi ile Doğru ve Duyarlı Tayinleri","Kimya, Analitik, Spektroskopi, Çevre Bilimleri","Fen > Temel Bilimler > Kimya, Analitik | Fen > Temel Bilimler > Spektroskopi | Fen > Temel Bilimler > Çevre Bilimleri",0.8779837504007152,-1,Fen > Mühendislik > Nükleer Bilim ve Teknolojisi,Nükleer Bilim ve Teknolojisi,0.09049716591835022,Malzeme Bilimleri,0.4,0.6,1,YÜKSEK (Farklı Alt Alan),1,0.4911699456716013
1398585,"1200°C’DE GLOOPY SIR BİLEŞİMİNDE KAOLEN, SİLİS VE FRİT ETKİLERİNİN NİTEL ANALİZİ","Malzeme Bilimleri, Kompozitler, Malzeme Bilimleri, Tekstil","Fen > Mühendislik > Malzeme Bilimleri, Kompozitler | Fen > Mühendislik > Malzeme Bilimleri, Tekstil",0.8733522371188045,-1,Fen > Temel Bilimler > Termodinamik,Termodinamik,0.19912755489349365,Malzeme Bilimleri,0.5,0.5,1,YÜKSEK (Farklı Alt Alan),1,0.4880327034924239
1366139,Referans Malzeme Üretim Süreçlerinin Tasarımında Temsili Örnekleme ve Homojenizasyonun Önemi,"Kimya, Analitik, Çevre Bilimleri, İstatistik ve Olasılık","Fen > Temel Bilimler > Kimya, Analitik | Fen > Temel Bilimler > Çevre Bilimleri | Fen > Temel Bilimler > İstatistik ve Olasılık",0.26861169166337284,78,Fen > Mühendislik > Maden İşletme ve Cevher Hazırlama,Maden İşletme ve Cevher Hazırlama,0.16271454095840454,Malzeme Bilimleri,0.6,0.9,1,YÜKSEK (Farklı Alt Alan),1,0.4841030122512848
1424756,"Ultrasonographic assessment of masseter muscle thickness and its association with TMD risk, neck disability, and mouth opening: a cross-sectional study",Diş Hekimliği,Fen > Diş Hekimliği > Diş Hekimliği,0.7654213746694548,-1,"Fen > Tıp > Kulak, Burun, Boğaz","Kulak, Burun, Boğaz",0.146836519241333,Diş Hekimliği,0.4,0.6,1,YÜKSEK (Farklı Alt Alan),1,0.4827481254018302
1398246,Köpeklerde Patent Duktus Arteriyozus için Tanı ve Tedavi Seçeneklerinin Gözden Geçirilmesi,Veterinerlik,Fen > Veterinerlik > Veterinerlik,0.33519656428424177,38,Fen > Tıp > Periferik Damar Hastalıkları,Periferik Damar Hastalıkları,0.10411468148231506,Periferik Damar Hastalıkları,0.3,0.9,1,YÜKSEK (Farklı Alt Alan),1,0.4802392795898708
1393950,A Multi-Criteria Decision Support Framework for Agricultural Fuel Demand Forecasting: Comparative Analysis of Machine Learning Approaches with Domain-Specific Feature Engineering,"Bilgisayar Bilimleri, Yapay Zeka, Yoğun Bakım, Tıp","Fen > Mühendislik > Bilgisayar Bilimleri, Yapay Zeka | Fen > Tıp > Yoğun Bakım, Tıp",0.9176449853378066,-1,Fen > Ziraat > Tarımsal Ekonomi ve Politika,Tarımsal Ekonomi ve Politika,0.13052815198898315,Bilgisayar Bilimleri,0.5,0.5,1,YÜKSEK (Farklı Alt Alan),1,0.47509609953059573
1379499,UZUN METRAJLI ÜRÜNLER İÇİN YENİ BİR NİTELİKSEL TUTARLILIK ANALİZİ YAKLAŞIMI,"Endüstri Mühendisliği, Malzeme Bilimleri, Tekstil","Fen > Mühendislik > Endüstri Mühendisliği | Fen > Mühendislik > Malzeme Bilimleri, Tekstil",0.6259562848275274,-1,Fen > Temel Bilimler > İstatistik ve Olasılık,İstatistik ve Olasılık,0.10486888885498047,Bilgisayar Bilimleri,0.4,0.7,1,YÜKSEK (Farklı Alt Alan),1,0.47319318230612495
1450832,Engelli annelerin gebelik ve bakım verme deneyimleri,"Kadın Araştırmaları, Sosyal Çalışma",Sosyal > Sosyal > Kadın Araştırmaları | Sosyal > Sosyal > Sosyal Çalışma,0.4459532885673919,8,Fen > Tıp > Kadın Hastalıkları ve Doğum,Kadın Hastalıkları ve Doğum,0.11745133996009827,Kadın Hastalıkları ve Doğum,0.5,0.8,0,KRİTİK (Farklı Ana Disiplin),1,0.4725962911278825
1401992,Algoritmik Yabancılaşma: Dijital Benlik Üzerine Kuramsal Bir İnceleme,"Psikoloji, Sosyoloji",Sosyal > Sosyal > Psikoloji | Sosyal > Sosyal > Sosyoloji,0.4434916401390726,87,"Fen > Mühendislik > Bilgisayar Bilimleri, Yapay Zeka","Bilgisayar Bilimleri, Yapay Zeka",0.10352557897567749,Bilgisayar Bilimleri,0.6,0.8,0,KRİTİK (Farklı Ana Disiplin),1,0.46710686267625534
1381146,Kesikli akrilik liflerin kimyasal modifikasyonunun termal stabilizasyon üzerindeki hızlandırıcı etkisi,"Mühendislik, Kimya","Fen > Mühendislik > Mühendislik, Kimya",0.8457887457341722,-1,Fen > Temel Bilimler > Termodinamik,Termodinamik,0.15141922235488892,Malzeme Bilimleri,0.4,0.5,1,YÜKSEK (Farklı Alt Alan),1,0.46444391425775416
1446439,Havayoluyla Seyahat Eden Yolcuların Uçuş (Taşıma) Sınıflarının Yükseltilmesi ve Düşürülmesi,Hukuk,Sosyal > Sosyal > Hukuk,0.0,83,"Fen > Mühendislik > Mühendislik, Hava ve Uzay","Mühendislik, Hava ve Uzay",0.18132883310317993,Mühendislik,0.7,1.0,0,KRİTİK (Farklı Ana Disiplin),1,0.463465091586113
1406530,AMBALAJ TASARIMINDA KARTON MAKET YAPIMININ ROLÜ VE BİR UYGULAMA,Sanat,Sosyal > Sosyal > Sanat,0.0,102,"Fen > Mühendislik > Malzeme Bilimleri, Kâğıt ve Ahşap","Malzeme Bilimleri, Kâğıt ve Ahşap",0.28983551263809204,Malzeme Bilimleri,0.6,0.9,0,KRİTİK (Farklı Ana Disiplin),1,0.46144242942333225
1396895,Türkiye’deki Siber Güvenlik Politikalarında Yeni Bir Kurumsal Oluşum: Siber Güvenlik Başkanlığı,"Kamu Yönetimi, Siyasi Bilimler",Sosyal > Sosyal > Kamu Yönetimi | Sosyal > Sosyal > Siyasi Bilimler,0.4165773381635068,84,"Fen > Mühendislik > Bilgisayar Bilimleri, Sibernitik","Bilgisayar Bilimleri, Sibernitik",0.10423266887664795,Bilgisayar Bilimleri,0.3,0.8,0,KRİTİK (Farklı Ana Disiplin),1,0.46062576864770355
1394841,Ses Sistemleri Açısından Kemanda Entonasyonun Tarihsel Gelişimi,Müzik,Sosyal > Sosyal > Müzik,0.5745621313297496,3,Fen > Temel Bilimler > Akustik,Akustik,0.2142414152622223,Akustik,0.3,0.6,0,KRİTİK (Farklı Ana Disiplin),1,0.45862502817421524
1261753,GÖL ORTAMINDA OLUŞMUŞ BİTÜMLÜ KİLTAŞI ÇÖKELLERİNDE HAVZANIN PALEO-TUZLULUK İNCELEMELERİ: DİYATOME TÜRÜ ALGLERLE TUZLULUK ARASINDAKİ İLİŞKİ,"Limnoloji, Zooloji, Çevre Bilimleri",Fen > Temel Bilimler > Limnoloji | Fen > Temel Bilimler > Zooloji | Fen > Temel Bilimler > Çevre Bilimleri,0.0,60,"Fen > Ziraat > Ziraat, Toprak Bilimi","Ziraat, Toprak Bilimi",0.14640331268310547,Jeokimya ve Jeofizik,0.4,1.0,1,YÜKSEK (Farklı Alt Alan),1,0.45124115943908694
1451288,Farklı karbonhidratlarla sodyum kazeinat konjugatlarının  yapısal karakterizasyonu,Gıda Bilimi ve Teknolojisi,Fen > Mühendislik > Gıda Bilimi ve Teknolojisi,0.0,106,"Fen > Temel Bilimler > Kimya, Organik","Kimya, Organik",0.146093487739563,Kimya,0.9,1.0,1,YÜKSEK (Farklı Alt Alan),1,0.4511327207088471
1396593,TİRE KÜLTÜREL MEKÂN FOLKLORU,Folklor,Sosyal > Sosyal > Folklor,0.0,99,"Fen > Mühendislik > Mühendislik, Deniz","Mühendislik, Deniz",0.14010849595069885,Mimarlık,0.3,1.0,0,KRİTİK (Farklı Ana Disiplin),1,0.4490379735827446
1390679,"Green synthesis of silver nanoparticles from Melanoleuca grammopodia: changes in bioactive components, antidiabetic properties and bioaccessibility","Farmakoloji ve Eczacılık, Bitki Bilimleri, Mantık",Fen > Eczacılık > Farmakoloji ve Eczacılık | Fen > Ziraat > Bitki Bilimleri | Sosyal > Sosyal > Mantık,0.0,103,Fen > Mühendislik > Nanobilim ve Nanoteknoloji,Nanobilim ve Nanoteknoloji,0.13337093591690063,Nanobilim ve Nanoteknoloji,0.6,1.0,1,YÜKSEK (Farklı Alt Alan),1,0.44667982757091523
1397654,Dönen fonksiyonel dereceli polar ortotropik diskin gerilme analizi,"Mühendislik, Makine","Fen > Mühendislik > Mühendislik, Makine",0.7590763820835005,-1,"Fen > Temel Bilimler > Fizik, Uygulamalı","Fizik, Uygulamalı",0.16184398531913757,Fizik,0.5,0.5,1,YÜKSEK (Farklı Alt Alan),1,0.44641449038257325
1381235,TOKAT ŞEHİR MÜZESİ’NDEKİ OSMANLI DÖNEMİ BAKIR SİNİ ÖRNEKLERİ,"Antropoloji, Sanat, Tiyatro",Sosyal > Sosyal > Antropoloji | Sosyal > Sosyal > Sanat | Sosyal > Sosyal > Tiyatro,0.6672316714338491,-1,"Fen > Mühendislik > Malzeme Bilimleri, Seramik","Malzeme Bilimleri, Seramik",0.19665248692035675,Mimarlık,0.3,0.5,0,KRİTİK (Farklı Ana Disiplin),1,0.43563628828058715
1398223,"Soğukta Depolanan Yeşil Kaplan Karidesinin (Penaeus semisulcatus, De Hann 1844) Farklı Esansiyel Yağlarla Muamele Edilmesinin Mikrobiyolojik Kalite Değişimi Üzerine Etkileri","Gıda Bilimi ve Teknolojisi, Balıkçılık",Fen > Mühendislik > Gıda Bilimi ve Teknolojisi | Fen > Temel Bilimler > Balıkçılık,0.7947940087139559,-1,Fen > Tıp > Biyoteknoloji ve Uygulamalı Mikrobiyoloji,Biyoteknoloji ve Uygulamalı Mikrobiyoloji,0.10538294911384583,Gıda Bilimi ve Teknolojisi,0.4,0.5,1,YÜKSEK (Farklı Alt Alan),1,0.43558253436833505
1406510,KOZMOS MODELİ TASARIMI ANLATISINDA SES UNSURUNUN KULLANILMASINA BİR ÖRNEK: 2001: A SPACE ODYSSEY,"Felsefe, Film, Radyo, Televizyon, Müzik","Sosyal > Sosyal > Felsefe | Sosyal > Sosyal > Film, Radyo, Televizyon | Sosyal > Sosyal > Müzik",0.0,4,Fen > Temel Bilimler > Akustik,Akustik,0.3104819655418396,Akustik,0.4,0.8,0,KRİTİK (Farklı Ana Disiplin),1,0.4286686879396439
1391986,Üstün Yetenekli Bireylerde Benlik Saygısı Araştırmaları Üzerine Bibliyometrik Bir Analiz (1981-2025),"Eğitim, Eğitim Araştırmaları, Eğitim, Özel","Sosyal > Sosyal > Eğitim, Eğitim Araştırmaları | Sosyal > Sosyal > Eğitim, Özel",0.5984903216736096,26,Fen > Temel Bilimler > İstatistik ve Olasılık,İstatistik ve Olasılık,0.10975998640060425,Bilgi,0.3,0.6,0,KRİTİK (Farklı Ana Disiplin),1,0.4280385756586139
1443967,RESİM SANATINDA ALLA PRIMA VE PLEIN AIR TEKNİKLERİ ÜZERİNE KARŞILAŞTIRMALI BİR İNCELEME,Sanat,Sosyal > Sosyal > Sanat,0.6558894636437114,-1,Fen > Temel Bilimler > Mantar Bilimi,Mantar Bilimi,0.181026428937912,Malzeme Bilimleri,0.5,0.5,0,KRİTİK (Farklı Ana Disiplin),1,0.42733161603919706
1264108,ESTIMATING THE SOLAR EXERGY POTENTIAL OF SURFACES WITH DIFFERENT  TILT ANGLES,"Fizik, Uygulamalı, Fizikokimya, Termodinamik","Fen > Temel Bilimler > Fizik, Uygulamalı | Fen > Temel Bilimler > Fizikokimya | Fen > Temel Bilimler > Termodinamik",0.19168138245780336,81,Fen > Mühendislik > Enerji ve Yakıtlar,Enerji ve Yakıtlar,0.14762583374977112,Enerji ve Yakıtlar,0.6,0.8,1,YÜKSEK (Farklı Alt Alan),1,0.4195893874268708
1325708,THE EFFECT OF DIFFERENT INSULATION MATERIAL  ON THERMAL COMFORT IN A BUILDING WITH NOZZLES COOLING SYSTEM,"Mühendislik, Biyotıp, İnşaat Mühendisliği","Fen > Mühendislik > Mühendislik, Biyotıp | Fen > Mühendislik > İnşaat Mühendisliği",0.695052331928945,-1,Fen > Temel Bilimler > Termodinamik,Termodinamik,0.1264546811580658,Enerji ve Yakıtlar,0.5,0.5,1,YÜKSEK (Farklı Alt Alan),1,0.4180222213875593
1395564,Giyilebilir Teknoloji Ürünlerinin Bedenleşme ve Zihinsel Bütünleşmesinin Kullanım Algısı Üzerindeki Etkisinin İncelenmesi,"Davranış Bilimleri, İşletme",Sosyal > Sosyal > Davranış Bilimleri | Sosyal > Sosyal > İşletme,0.0,25,Fen > Mühendislik > Telekomünikasyon,Telekomünikasyon,0.1200396716594696,Bilgisayar Bilimleri,0.5,0.9,0,KRİTİK (Farklı Ana Disiplin),1,0.40201388508081437
1376164,BOŞLUĞA DİKKAT EDİN! YAPAY ZEKA OKURYAZARLIĞI POLİTİKALARI VE GELİŞMEKTE OLAN ÜLKELER BAĞLAMINDA ÜRETKEN YAPAY ZEKANIN ZORLUKLARI ÜZERİNE KARŞILAŞTIRMALI BİR ANALİZ,"Bilim Felsefesi ve Tarihi, Eğitim, Eğitim Araştırmaları, Uluslararası İlişkiler","Sosyal > Sosyal > Bilim Felsefesi ve Tarihi | Sosyal > Sosyal > Eğitim, Eğitim Araştırmaları | Sosyal > Sosyal > Uluslararası İlişkiler",0.4434916401390726,87,"Fen > Mühendislik > Bilgisayar Bilimleri, Yapay Zeka","Bilgisayar Bilimleri, Yapay Zeka",0.14204716682434082,Bilgisayar Bilimleri,0.8,0.6,0,KRİTİK (Farklı Ana Disiplin),1,0.40058941842328744
1374666,"Shaping the Future of Metaverse Research: Innovation, Collaboration, and Journal of Metaverse’s Academic Impact","Bilgisayar Bilimleri, Bilgi Sistemleri, Bilgi, Belge Yönetimi","Fen > Mühendislik > Bilgisayar Bilimleri, Bilgi Sistemleri | Sosyal > Sosyal > Bilgi, Belge Yönetimi",0.634257620692401,26,Fen > Temel Bilimler > Astronomi ve Astrofizik,Astronomi ve Astrofizik,0.11541986465454102,Bilgisayar Bilimleri,0.5,0.5,1,YÜKSEK (Farklı Alt Alan),1,0.3989613578021896
1446272,Yapay Zekâ Üreticisinin Ürün Sorumluluğuna İlişkin Bir Değerlendirme,Hukuk,Sosyal > Sosyal > Hukuk,0.0,87,"Fen > Mühendislik > Bilgisayar Bilimleri, Yapay Zeka","Bilgisayar Bilimleri, Yapay Zeka",0.21794959902763367,Bilgisayar Bilimleri,0.8,0.8,0,KRİTİK (Farklı Ana Disiplin),1,0.39628235965967185
1448398,Slopaganda ve Yapay Zekâ Görselleri: Trump Üzerine Göstergebilimsel Bir Analiz,"Siyasi Bilimler, İletişim",Sosyal > Sosyal > Siyasi Bilimler | Sosyal > Sosyal > İletişim,0.4434916401390726,87,"Fen > Mühendislik > Bilgisayar Bilimleri, Yapay Zeka","Bilgisayar Bilimleri, Yapay Zeka",0.11125120520591736,Bilgisayar Bilimleri,0.6,0.6,0,KRİTİK (Farklı Ana Disiplin),1,0.3898108318568392
1379866,Bir Köpekte Postoperatif Pin Yolu Enfeksiyonunda Çoklu İlaç Dirençli Staphylococcus pseudintermedius'a Karşı Elektrolize Tuzlu Suyun Etkinliği: In Vitro ve Klinik Validasyon ile Desteklenen İn-Situ Araştırma,"Toksikoloji, Parazitoloji, Veterinerlik",Fen > Eczacılık > Toksikoloji | Fen > Temel Bilimler > Parazitoloji | Fen > Veterinerlik > Veterinerlik,0.12199318695061341,112,Fen > Tıp > Enfeksiyon Hastalıkları,Enfeksiyon Hastalıkları,0.1006031334400177,Enfeksiyon Hastalıkları,0.3,0.8,1,YÜKSEK (Farklı Alt Alan),1,0.3857093934416596
1436788,GIDA ENDÜSTRISI OYNAKLIĞININ ASIMETRIK DAVRANIŞLAR YOLUYLA BAĞLAMSALLAŞTIRILMASI: STOXX EUROPE 600 GIDA FIYAT ENDEKSINDEN KANITLAR.,"İktisat, İşletme Finans",Sosyal > Sosyal > İktisat | Sosyal > Sosyal > İşletme Finans,0.0,61,Fen > Ziraat > Tarımsal Ekonomi ve Politika,Tarımsal Ekonomi ve Politika,0.277767151594162,Çevre Bilimleri,0.3,0.7,0,KRİTİK (Farklı Ana Disiplin),1,0.3772185030579567
1365362,Research on Hydrodynamic Properties of a New Porous Floating Breakwater,"Mühendislik, Deniz","Fen > Mühendislik > Mühendislik, Deniz",0.3768314972142474,79,Fen > Temel Bilimler > Su Kaynakları,Su Kaynakları,0.23294681310653687,Malzeme Bilimleri,0.4,0.5,1,YÜKSEK (Farklı Alt Alan),1,0.37573925889084975
1436129,TURİST REHBERLİĞİ ÖĞRENCİLERİNE YÖNELİK BİLİMSEL YAYINLARIN BİBLİYOMETRİK ANALİZİ: SCOPUS VERİ TABANI ÜZERİNDEN BİR DEĞERLENDİRME (1976–2025),"Eğitim, Eğitim Araştırmaları, Otelcilik, Konaklama, Spor ve Turizm","Sosyal > Sosyal > Eğitim, Eğitim Araştırmaları | Sosyal > Sosyal > Otelcilik, Konaklama, Spor ve Turizm",0.0,26,Fen > Temel Bilimler > İstatistik ve Olasılık,İstatistik ve Olasılık,0.14691734313964844,Bilgi,0.3,0.8,0,KRİTİK (Farklı Ana Disiplin),1,0.37142107009887704
1395394,AI Çağında İnsan Odaklı Eleştirel Bir Düşünce Akımı: Post-Luddizm,"Bilim Felsefesi ve Tarihi, Sosyoloji",Sosyal > Sosyal > Bilim Felsefesi ve Tarihi | Sosyal > Sosyal > Sosyoloji,0.0,87,"Fen > Mühendislik > Bilgisayar Bilimleri, Yapay Zeka","Bilgisayar Bilimleri, Yapay Zeka",0.23741167783737183,Bilgisayar Bilimleri,0.7,0.7,0,KRİTİK (Farklı Ana Disiplin),1,0.3630940872430801
1398007,"Effect of Expiry Date on the Degree of Conversion, Microhardness, Depth of Cure, Water Absorption and Color Stability of Resin Composite",Diş Hekimliği,Fen > Diş Hekimliği > Diş Hekimliği,0.345606600829092,117,Fen > Mühendislik > Polimer Bilimi,Polimer Bilimi,0.19874177873134613,Diş Hekimliği,0.5,0.5,1,YÜKSEK (Farklı Alt Alan),1,0.3559612727632442
1398520,Sürdürülebilir Kalkınma Hedefleri Kapsamında Karbon Emisyonu Dinamikleri: Türkiye Örneği,"Çevre Çalışmaları, İktisat",Sosyal > Sosyal > Çevre Çalışmaları | Sosyal > Sosyal > İktisat,0.35153105926402073,81,"Fen > Mühendislik > Yeşil, Sürdürülebilir Bilim ve Teknoloji","Yeşil, Sürdürülebilir Bilim ve Teknoloji",0.19224965572357178,Enerji ve Yakıtlar,0.3,0.5,0,KRİTİK (Farklı Ana Disiplin),1,0.3551701443192553
1372540,Geleneksel İgbo Dininde Doğum Ritüelleri,"Antropoloji, Din Bilimi, Etnik Çalışmalar",Sosyal > Sosyal > Antropoloji | Sosyal > Sosyal > Din Bilimi | Sosyal > Sosyal > Etnik Çalışmalar,0.0018383782575826391,8,Fen > Tıp > Kadın Hastalıkları ve Doğum,Kadın Hastalıkları ve Doğum,0.09281617403030396,Kadın Hastalıkları ve Doğum,0.4,0.8,0,KRİTİK (Farklı Ana Disiplin),1,0.3529452554750021
1247312,Potasyum Borhidrürün Formik Asit Katalizörü Varlığındaki Hidrolizi,"Fizikokimya, Kimya, Analitik, Kimya, Uygulamalı","Fen > Temel Bilimler > Fizikokimya | Fen > Temel Bilimler > Kimya, Analitik | Fen > Temel Bilimler > Kimya, Uygulamalı",0.0,81,Fen > Mühendislik > Enerji ve Yakıtlar,Enerji ve Yakıtlar,0.2062862515449524,Enerji ve Yakıtlar,0.4,0.7,1,YÜKSEK (Farklı Alt Alan),1,0.3522001880407333
1374141,Isoëtes volkanii (Isoëtaceae): A new aquatic quillworts from Türkiye,"Biyoloji, Biyoloji Çeşitliliğinin Korunması",Fen > Temel Bilimler > Biyoloji | Fen > Temel Bilimler > Biyoloji Çeşitliliğinin Korunması,0.3952192674775621,97,Fen > Ziraat > Bahçe Bitkileri,Bahçe Bitkileri,0.11492100358009338,Biyoloji,0.4,0.5,1,YÜKSEK (Farklı Alt Alan),1,0.33902716812242323
1394234,Vaccine Hesitancy Regarding Childhood Vaccinations Among Parents,"Beslenme ve Diyetetik, Sağlık Politikaları ve Hizmetleri",Sosyal > Sosyal > Beslenme ve Diyetetik | Sosyal > Sosyal > Sağlık Politikaları ve Hizmetleri,0.0,6,Fen > Tıp > Pediatri,Pediatri,0.12424218654632568,Halk ve Çevre Sağlığı,0.3,0.7,0,KRİTİK (Farklı Ana Disiplin),1,0.32348476529121395
1443968,"YAPAY ZEKÂ ÇAĞINDA DİJİTAL PROPAGANDA: LEGO ESTETİĞİ ÜZERİNDEN SİMÜLASYON, ÇERÇEVELEME VE ALGI YÖNETİMİ","Siyasi Bilimler, İletişim",Sosyal > Sosyal > Siyasi Bilimler | Sosyal > Sosyal > İletişim,0.0,100,"Fen > Mühendislik > Bilgisayar Bilimleri, Yapay Zeka","Bilgisayar Bilimleri, Yapay Zeka",0.22536516189575195,Bilgisayar Bilimleri,0.6,0.6,0,KRİTİK (Farklı Ana Disiplin),1,0.3188778066635132
1395231,Kahramanmaraş Sütçü İmam Üniversitesi Tarım ve Doğa Dergisi’nde 2018-2024 Yılları Arasında Yayımlanan Makalelerin Bibliyometrik Analizi,"Bilgi, Belge Yönetimi","Sosyal > Sosyal > Bilgi, Belge Yönetimi",0.0,26,Fen > Temel Bilimler > İstatistik ve Olasılık,İstatistik ve Olasılık,0.09097161889076233,Bilgisayar Bilimleri,0.3,0.7,0,KRİTİK (Farklı Ana Disiplin),1,0.3118400666117668
1346538,Modulation of Phenolic Profiles and Antioxidant Capacity by Culture Medium and Tissue Type in Echinacea purpurea and Echinacea pallida,"Biyoloji, Ziraat Mühendisliği, Mantık",Fen > Temel Bilimler > Biyoloji | Fen > Ziraat > Ziraat Mühendisliği | Sosyal > Sosyal > Mantık,0.0,111,Fen > Tıp > Endokrinoloji ve Metabolizma,Endokrinoloji ve Metabolizma,0.18112941086292267,Biyoloji,0.4,0.6,1,YÜKSEK (Farklı Alt Alan),1,0.3033952938020229
1389106,Application of Phytogenic Compounds on Growth Performance and Gut Microbial Community of Giant Gourami (Osphronemus goramy Lac. 1801),Balıkçılık,Fen > Temel Bilimler > Balıkçılık,0.0,47,Fen > Tıp > Biyoteknoloji ve Uygulamalı Mikrobiyoloji,Biyoteknoloji ve Uygulamalı Mikrobiyoloji,0.14477026462554932,Balıkçılık,0.4,0.6,1,YÜKSEK (Farklı Alt Alan),1,0.29066959261894226
1393295,"A comprehensive study on the structural, electrical and optical properties of DC sputtered Molybdenum thin films","Fizik, Uygulamalı, Matematik","Fen > Temel Bilimler > Fizik, Uygulamalı | Fen > Temel Bilimler > Matematik",0.0,116,Fen > Mühendislik > Metalürji Mühendisliği,Metalürji Mühendisliği,0.14093977212905884,Malzeme Bilimleri,0.6,0.6,1,YÜKSEK (Farklı Alt Alan),1,0.2893289202451706
1394100,METAVERSE VE KENT KESİŞİMİNDEKİ LİTERATÜRÜN BİBLİYOMETRİK ANALİZİ (2012-2026),"Bilgisayar Bilimleri, Yapay Zeka, Kentsel Çalışmalar, İşletme","Fen > Mühendislik > Bilgisayar Bilimleri, Yapay Zeka | Sosyal > Sosyal > Kentsel Çalışmalar | Sosyal > Sosyal > İşletme",0.0,26,Fen > Temel Bilimler > İstatistik ve Olasılık,İstatistik ve Olasılık,0.1349291205406189,Bilgisayar Bilimleri,0.4,0.6,1,YÜKSEK (Farklı Alt Alan),1,0.2872251921892166
1396729,Türkiye’de Yerel Yönetimlerin Çevresel Çalışmaları ile Büyüme Arasındaki İlişkisinin Mekânsal Analizi,"Kamu Yönetimi, Çevre Çalışmaları, İktisat",Sosyal > Sosyal > Kamu Yönetimi | Sosyal > Sosyal > Çevre Çalışmaları | Sosyal > Sosyal > İktisat,0.0,75,Fen > Temel Bilimler > Su Kaynakları,Su Kaynakları,0.12476181983947754,Su Kaynakları,0.3,0.6,0,KRİTİK (Farklı Ana Disiplin),1,0.2836666369438171
1351510,Kurutulmuş üzüm posasında fenoliklerin ve antioksidan özelliklerin yakın kızılötesi spektroskopisi ile belirlenmesi,"Gıda Bilimi ve Teknolojisi, Spektroskopi",Fen > Mühendislik > Gıda Bilimi ve Teknolojisi | Fen > Temel Bilimler > Spektroskopi,0.136345072819887,111,Fen > Ziraat > Bitki Bilimleri,Bitki Bilimleri,0.13010525703430176,Gıda Bilimi ve Teknolojisi,0.5,0.5,1,YÜKSEK (Farklı Alt Alan),1,0.2796231081669774
1247303,Hydrothermal Synthesis of CuO Nanoparticles: Tailoring Morphology and Particle Size Variations for Enhanced Properties,"Fizikokimya, Kimya, Analitik, Kimya, Organik, Kimya, Uygulamalı","Fen > Temel Bilimler > Fizikokimya | Fen > Temel Bilimler > Kimya, Analitik | Fen > Temel Bilimler > Kimya, Organik | Fen > Temel Bilimler > Kimya, Uygulamalı",0.0,116,Fen > Mühendislik > Nanobilim ve Nanoteknoloji,Nanobilim ve Nanoteknoloji,0.1067376434803009,Nanobilim ve Nanoteknoloji,0.4,0.6,1,YÜKSEK (Farklı Alt Alan),1,0.2773581752181053
1382608,"SIMULTANEOUS FEATURE SELECTION AND HYPERPARAMETER TUNING OF K-NEAREST NEIGHBORS FOR GLASS CLASSIFICATION: A COMPARATIVE STUDY OF ARTIFICIAL BEE COLONY, SIMULATED ANNEALING, AND HILL CLIMBING","Bilgisayar Bilimleri, Teori ve Metotlar, Bilgisayar Bilimleri, Yapay Zeka","Fen > Mühendislik > Bilgisayar Bilimleri, Teori ve Metotlar | Fen > Mühendislik > Bilgisayar Bilimleri, Yapay Zeka",0.0,94,Fen > Temel Bilimler > Kuş Bilimi,Kuş Bilimi,0.1037357747554779,Bilgisayar Bilimleri,0.4,0.6,1,YÜKSEK (Farklı Alt Alan),1,0.27630752116441726
1446076,Akdeniz Bölgesinde Yetiştirilen Jersey ve Siyah Alaca İneklerin Süt Kompozisyonu ile Renk Parametrelerinin Analizi,"Veterinerlik, Ziraat Mühendisliği",Fen > Veterinerlik > Veterinerlik | Fen > Ziraat > Ziraat Mühendisliği,0.0,107,Fen > Temel Bilimler > Deniz ve Tatlı Su Biyolojisi,Deniz ve Tatlı Su Biyolojisi,0.10073867440223694,Gıda Bilimi ve Teknolojisi,0.5,0.6,1,YÜKSEK (Farklı Alt Alan),1,0.27525853604078293
1388458,"Phytogenic Silver and Copper Nanoparticles from Morus nigra L. Leaf as Multifunctional Agents: Antioxidant, Antidiabetic, Antimicrobial, and Anticancer Potency","Biyoteknoloji ve Uygulamalı Mikrobiyoloji, Mikrobiyoloji, Onkoloji, Tıbbi Araştırmalar Deneysel",Fen > Tıp > Biyoteknoloji ve Uygulamalı Mikrobiyoloji | Fen > Tıp > Mikrobiyoloji | Fen > Tıp > Onkoloji | Fen > Tıp > Tıbbi Araştırmalar Deneysel,0.0,103,Fen > Mühendislik > Nanobilim ve Nanoteknoloji,Nanobilim ve Nanoteknoloji,0.09487974643707275,Nanobilim ve Nanoteknoloji,0.5,0.6,1,YÜKSEK (Farklı Alt Alan),1,0.27320791125297544
1390136,Tolga Karaçelik sinemasında tematik tutarlılık ve auteur imzasının incelenmesi,"Transplantasyon, Film, Radyo, Televizyon","Fen > Tıp > Transplantasyon | Sosyal > Sosyal > Film, Radyo, Televizyon",0.0,120,"Fen > Mühendislik > Mühendislik, Deniz","Mühendislik, Deniz",0.17330405116081238,Film,0.4,0.5,1,YÜKSEK (Farklı Alt Alan),1,0.26065641790628435
1392063,"Green synthesis of silver nanoparticles using sumac fruit by microwave and traditional methods: characterization, anticancer, and antimicrobial activities","Kimya, Organik, Mikrobiyoloji, Onkoloji","Fen > Temel Bilimler > Kimya, Organik | Fen > Tıp > Mikrobiyoloji | Fen > Tıp > Onkoloji",0.0,103,Fen > Mühendislik > Nanobilim ve Nanoteknoloji,Nanobilim ve Nanoteknoloji,0.1725587248802185,Nanobilim ve Nanoteknoloji,0.4,0.5,1,YÜKSEK (Farklı Alt Alan),1,0.2603955537080765
1442110,Endüstriyel Tasarım Bölümü Öğrencilerinin Staj ve Mezuniyet Projelerinin Cinsiyet ve Coğrafi Dağılım Açısından Sektörel Analizi,"Eğitim, Eğitim Araştırmaları","Sosyal > Sosyal > Eğitim, Eğitim Araştırmaları",0.0,25,Fen > Mühendislik > Endüstri Mühendisliği,Endüstri Mühendisliği,0.15004241466522217,Mimarlık,0.3,0.5,0,KRİTİK (Farklı Ana Disiplin),1,0.25251484513282774
1399660,T-Şekilli Mikroakışkan Bağlantı Cihaz Tekniği Kullanılarak Üretilen Lidokain Yüklü Aljinat Hidrojel Formülasyonlarında Glikolipid Biyosürfaktanın İlaç Salım Davranışı ve Performansı Üzerine Etkisi: Metodolojik Çalışma,"Farmakoloji ve Eczacılık, Mühendislik, Biyotıp","Fen > Eczacılık > Farmakoloji ve Eczacılık | Fen > Mühendislik > Mühendislik, Biyotıp",0.05986969113933001,103,Fen > Tıp > Tıbbi Laboratuar Teknolojisi,Tıbbi Laboratuar Teknolojisi,0.09545159339904785,Farmakoloji ve Eczacılık,0.4,0.5,1,YÜKSEK (Farklı Alt Alan),1,0.24837548047449928
1388569,Türkiye’de Bazı Orthotrichum ve Lewinskya Türlerinin Spor ve Kapsül Morfolojisi (Orthotrichaceae),"Biyoloji, Mikroskopi",Fen > Temel Bilimler > Biyoloji | Fen > Temel Bilimler > Mikroskopi,0.0,97,Fen > Tıp > Ortopedi,Ortopedi,0.12207448482513428,Biyoloji,0.4,0.5,1,YÜKSEK (Farklı Alt Alan),1,0.242726069688797
1391717,Comparative pollen morphology of the genus Rhaponticoides Vaill. (Asteraceae) in Türkiye: Implications for taxonomy and phylogeny,"Biyoloji, Mikroskopi",Fen > Temel Bilimler > Biyoloji | Fen > Temel Bilimler > Mikroskopi,0.0,97,Fen > Ziraat > Bitki Bilimleri,Bitki Bilimleri,0.09515556693077087,Biyoloji,0.5,0.5,1,YÜKSEK (Farklı Alt Alan),1,0.2333044484257698
1396141,"Antioxidant, antiproliferative and antimicrobial activities of three lichens: Ramalina fastigiata, Xanthoria parietina, Aspicilia intermutans","Farmakoloji ve Eczacılık, Kimya, Tıbbi","Fen > Eczacılık > Farmakoloji ve Eczacılık | Fen > Temel Bilimler > Kimya, Tıbbi",0.0,111,Fen > Tıp > Biyoteknoloji ve Uygulamalı Mikrobiyoloji,Biyoteknoloji ve Uygulamalı Mikrobiyoloji,0.0950213372707367,Farmakoloji ve Eczacılık,0.4,0.5,1,YÜKSEK (Farklı Alt Alan),1,0.23325746804475786
1375240,YUMUŞAK DOKU YENILENMESI İÇİN BİYOAKTİF VE YAPIŞKAN ENJEKTE EDİLEBİLİR CMC–PVA TABANLI HİDROJELLER,"Hücre ve Doku Mühendisliği, Mühendislik, Biyotıp","Fen > Mühendislik > Hücre ve Doku Mühendisliği | Fen > Mühendislik > Mühendislik, Biyotıp",0.0,90,Fen > Tıp > Tıbbi Laboratuar Teknolojisi,Tıbbi Laboratuar Teknolojisi,0.09317067265510559,Hücre ve Doku Mühendisliği,0.4,0.5,1,YÜKSEK (Farklı Alt Alan),1,0.23260973542928698
